Source;Target;Weight;
Кнудсен, Якоб;Tolstoy;1;
Села, Камило Хосе;Tolstoy;1;
Гибалин, Борис Дмитриевич;Tolstoy;1;
Цингер, Василий Яковлевич;Tolstoy;1;
Tolstoy;Лакшин, Владимир Яковлевич;1;
Alexander Drankov;Tolstoy;1;
Кольцов, Виктор Григорьевич;Tolstoy;1;
Шмидт, Пётр Петрович (контр-адмирал);Tolstoy;1;
Соболевский, Сергей Александрович;Tolstoy;1;
Tolstoy;Лобачевский, Николай Иванович;1;
Книги, запрещённые в США в XIX веке;Tolstoy;1;
Бобылёв, Иван Тимофеевич;Tolstoy;1;
Титов, Анатолий Григорьевич;Tolstoy;1;
Трубецкой, Павел Петрович;Tolstoy;1;
Бутурлин, Сергей Александрович;Tolstoy;1;
Высоцкий, Константин Николаевич;Tolstoy;1;
Рощин-Инсаров, Николай Петрович;Tolstoy;1;
Сухотин, Михаил Сергеевич;Tolstoy;1;
Толстой, Виктория;Tolstoy;1;
Сыздыков, Жакан;Tolstoy;1;
Святополк-Мирский, Дмитрий Иванович;Tolstoy;1;
Аронсон, Наум;Tolstoy;1;
Tolstoy;Мориак, Франсуа;1;
Tolstoy;Адамович, Георгий Викторович;1;
Берлин, Исайя;Tolstoy;1;
Бурков, Георгий Иванович;Tolstoy;1;
Шутова, Ливия Васильевна;Tolstoy;1;
Ринтала, Пааво;Tolstoy;1;
Величко, Василий Львович;Tolstoy;1;
Tolstoy;Толстой, Лев Львович;1;
Балашов, Александр Дмитриевич;Tolstoy;1;
Толстой, Илья Львович;Tolstoy;1;
Аллен, Джеймс;Tolstoy;1;
Абдуллин, Хизмет;Tolstoy;1;
Карташёва, Ирина Павловна;Tolstoy;1;
Морозова, Маргарита Кирилловна;Tolstoy;1;
Толстая, Фёкла;Tolstoy;1;
Громека, Михаил Степанович;Tolstoy;1;
Розовский, Марк Григорьевич;Tolstoy;1;
Каменкова-Павлова, Анна Семёновна;Tolstoy;1;
Новожилов, Геннадий Дмитриевич;Tolstoy;1;
Накоряков, Николай Никандрович;Tolstoy;1;
Мишкинис, Мотеюс;Tolstoy;1;
Сухотин, Алексей Михайлович;Tolstoy;1;
Буренков, Евгений Дмитриевич;Tolstoy;1;
Дюпор, Луи-Антуан;Tolstoy;1;
Тальви, Айно;Tolstoy;1;
Марин, Сергей Никифорович;Tolstoy;1;
Далгат, Башир Керимович;Tolstoy;1;
Андреева, Мария Андреевна;Tolstoy;1;
Лопатин, Герман Александрович;Tolstoy;1;
Панкова, Татьяна Петровна;Tolstoy;2;
Шпир, Африкан Александрович;Tolstoy;1;
Яшвиль, Лев Владимирович;Tolstoy;1;
Толстой, Николай Ильич;Tolstoy;1;
Поль, Владимир Иванович;Tolstoy;1;
Александров, Николай Григорьевич (актёр);Tolstoy;1;
Чернышёв, Александр Иванович;Tolstoy;1;
Веригин, Пётр Васильевич;Tolstoy;1;
Сибиряков, Константин Михайлович;Tolstoy;1;
Tolstoy;Толстой, Николай Ильич;1;
Васильева, Татьяна Григорьевна;Tolstoy;1;
Кандауров, Антон Иванович;Tolstoy;1;
Белокуров, Владимир Вячеславович;Tolstoy;1;
Барнет, Ольга Борисовна;Tolstoy;1;
Калисанов, Владимир Виленович;Tolstoy;1;
Шестов, Лев Исаакович;Tolstoy;1;
Tolstoy;Венгеров, Семён Афанасьевич;1;
Гаджиев, Загид Гаджиевич;Tolstoy;1;
Мережковский, Дмитрий Сергеевич;Tolstoy;1;
Tolstoy;Краснов, Платон Николаевич;1;
Гриневская, Изабелла Аркадьевна;Tolstoy;1;
Стахович, Михаил Александрович (политик);Tolstoy;1;
Орманов, Гали;Tolstoy;1;
Успенский, Глеб Иванович;Tolstoy;1;
Кулаковский, Юлиан Андреевич;Tolstoy;1;
Климчук, Фёдор Данилович;Tolstoy;1;
Елпатьевский, Сергей Яковлевич;Tolstoy;1;
Сергеенко, Пётр Алексеевич;Tolstoy;1;
Веселитская, Лидия Ивановна;Tolstoy;1;
Спесивцева, Ольга Александровна;Tolstoy;1;
Яковлев, Николай Капитонович;Tolstoy;1;
Рерих, Николай Константинович;Tolstoy;1;
Эйфман, Борис Яковлевич;Tolstoy;1;
Hans-Jürgen Syberberg;Tolstoy;1;
Бунина, Ирина Алексеевна;Tolstoy;1;
Редсток, Гренвиль Вальдигрев;Tolstoy;1;
Rudolf Steiner;Tolstoy;1;
Tolstoy;Стриндберг, Юхан Август;1;
Серов, Владимир Александрович;Tolstoy;1;
Житова, Варвара Николаевна;Tolstoy;1;
Сидорова, Глафира Петровна;Tolstoy;1;
Морозов, Степан Юрьевич;Tolstoy;1;
Tolstoy;Aleksandr Pushkin;1;
Белова, Зоя Васильевна;Tolstoy;1;
Буканова, Галина Васильевна;Tolstoy;1;
Герчаков, Евгений Аркадьевич;Tolstoy;1;
Симонов, Евгений Рубенович;Tolstoy;1;
Качалов, Василий Иванович;Tolstoy;1;
Tolstoy;Дружинин, Александр Васильевич;1;
Мартынов, Александр Евстафьевич;Tolstoy;1;
Удалов, Юрий Фёдорович;Tolstoy;1;
Жиркевич, Александр Владимирович;Tolstoy;1;
Трошин, Владимир Константинович;Tolstoy;1;
Игнатова, Марина Октябрьевна;Tolstoy;1;
Крамской, Иван Николаевич;Tolstoy;1;
Топоров, Адриан Митрофанович;Tolstoy;1;
Emma Goldman;Tolstoy;1;
Марченко, Юлия Геннадьевна;Tolstoy;1;
Меклин, Наталья Фёдоровна;Tolstoy;1;
Авилова, Лидия Алексеевна;Tolstoy;1;
Лазарев, Владимир Яковлевич;Tolstoy;1;
Вильямс, Гарольд;Tolstoy;1;
Tolstoy;Минор, Соломон Алексеевич;1;
Занет, Фёдор Иванович;Tolstoy;1;
Tolstoy;Ivan Turgenev;1;
Лоу, Джуд;Tolstoy;1;
Tolstoy;Зеньковский, Василий Васильевич;1;
Толстой, Пётр Олегович;Tolstoy;1;
Хоуэллс, Уильям Дин;Tolstoy;1;
Славутинский, Степан Тимофеевич;Tolstoy;1;
Липов, Александр Александрович;Tolstoy;1;
Есенина-Толстая, Софья Андреевна;Tolstoy;1;
Рамиев, Сагит Лутфуллович;Tolstoy;1;
Каледин, Сергей Евгеньевич;Tolstoy;1;
Бриссо, Эдуард;Tolstoy;1;
Ватагин, Василий Алексеевич;Tolstoy;1;
Асмус, Валентин Фердинандович;Tolstoy;1;
Гартунг, Мария Александровна;Tolstoy;1;
Бауманн, Ханс;Tolstoy;1;
Гучков, Николай Иванович;Tolstoy;1;
Tolstoy;Страхов, Николай Николаевич;1;
Тумас, Юозас;Tolstoy;1;
Лауреаты Государственной премии СССР в области литературы, искусства и архитектуры;Tolstoy;1;
Чейшвили, Александр Николаевич;Tolstoy;1;
Степняк-Кравчинский, Сергей Михайлович;Tolstoy;1;
Толстая, Татьяна (значения);Tolstoy;1;
Нерман, Туре;Tolstoy;1;
Шанкс, Эмилия Яковлевна;Tolstoy;1;
Салиас-де-Турнемир, Евгений Андреевич;Tolstoy;1;
Цуркану, Юрий Михайлович;Tolstoy;1;
Конёнков, Сергей Тимофеевич;Tolstoy;1;
Дрожжин, Спиридон Дмитриевич;Tolstoy;1;
Столыпин, Пётр Аркадьевич;Tolstoy;1;
Constance Garnett;Tolstoy;2;
Спесивцев, Вячеслав Семёнович;Tolstoy;1;
Антуан, Андре;Tolstoy;2;
Кочарян, Сурен Акимович;Tolstoy;1;
Яхонтов, Владимир Николаевич;Tolstoy;1;
Коннери, Шон;Tolstoy;1;
Лопатин, Михаил Николаевич;Tolstoy;1;
Олсуфьев, Василий Дмитриевич;Tolstoy;1;
Клуни, Джордж;Tolstoy;1;
Булла, Карл Карлович;Tolstoy;1;
Чуркин, Виталий Иванович;Tolstoy;1;
Christian Morgenstern;Tolstoy;1;
Кассирс, Ги;Tolstoy;1;
Иванычев, Евгений Иванович;Tolstoy;1;
Tolstoy;Филиппов, Тертий Иванович;1;
Полнер, Тихон Иванович;Tolstoy;1;
Кайсаров, Андрей Сергеевич;Tolstoy;1;
Лебедев, Владимир Васильевич;Tolstoy;1;
Медведева, Полина Владимировна;Tolstoy;1;
Абрамов, Яков Васильевич;Tolstoy;1;
Tolstoy;Толстой, Николай Николаевич;1;
Лиелдиджс, Улдис;Tolstoy;1;
Чертков, Владимир Григорьевич;Tolstoy;2;
Кибардина, Валентина Тихоновна;Tolstoy;1;
Никольский, Георгий Евлампиевич;Tolstoy;1;
Паскевич, Ирина Ивановна;Tolstoy;1;
Трубецкой, Иван Дмитриевич;Tolstoy;1;
Tolstoy;Панаев, Иван Иванович;1;
Курсинский, Александр Антонович;Tolstoy;1;
Чернов, Виктор Михайлович;Tolstoy;1;
Боярский, Александр Сергеевич;Tolstoy;1;
Миклухо-Маклай, Николай Николаевич;Tolstoy;1;
Гомбоев, Дампил Гомбоевич;Tolstoy;1;
Верещенко, Николай Алексеевич;Tolstoy;1;
Марсо, Софи;Tolstoy;1;
Tolstoy; Александр_II;2;
Мейвор, Джеймс;Tolstoy;1;
Луначарский, Анатолий Васильевич;Tolstoy;1;
Колобаев, Александр Аркадьевич;Tolstoy;1;
Стахович, Александр Александрович (1830);Tolstoy;1;
Гулакян, Армен Карапетович;Tolstoy;1;
Голосов, Илья Александрович;Tolstoy;1;
Дурова, Наталья Юрьевна;Tolstoy;1;
Зязиков, Багаудин Хусейнович;Tolstoy;1;
Нин, Андреу;Tolstoy;1;
Щедрин, Родион Константинович;Tolstoy;1;
Лужский, Василий Васильевич;Tolstoy;1;
Харито, Николай Иванович;Tolstoy;1;
Нароков, Михаил Семёнович;Tolstoy;1;
Солдатов, Олег Юрьевич;Tolstoy;1;
Успенский, Николай Васильевич;Tolstoy;1;
Димитерс, Артур;Tolstoy;1;
Бутромеев, Владимир Петрович;Tolstoy;1;
Смильгис, Эдуард Янович;Tolstoy;1;
Апсит, Александр Петрович;Tolstoy;1;
Милонов, Николай Александрович;Tolstoy;1;
Tolstoy;Дистервег, Адольф;1;
Грузенберг, Семён Осипович;Tolstoy;1;
Саводник, Владимир Федорович;Tolstoy;1;
Москвин, Иван Михайлович;Tolstoy;1;
Толстой, Илья;Tolstoy;1;
Блинников, Сергей Капитонович;Tolstoy;1;
Бялокозович, Базыли;Tolstoy;1;
Горбов, Николай Михайлович;Tolstoy;1;
Слепцов, Николай Павлович;Tolstoy;1;
Шульц, Арсений Леонидович;Tolstoy;1;
Петерсон, Михаил Николаевич;Tolstoy;1;
Vitaly Solomin;Tolstoy;1;
Драганов, Пётр Данилович;Tolstoy;1;
Комаров, Матвей;Tolstoy;1;
Морков, Аркадий Иванович;Tolstoy;1;
Беляев, Александр Петрович;Tolstoy;1;
Либединская, Лидия Борисовна;Tolstoy;1;
Массальский, Павел Владимирович;Tolstoy;2;
Ростовцев, Николай Яковлевич;Tolstoy;1;
Хлебников, Велимир;Tolstoy;1;
Толстая, Татьяна Никитична;Tolstoy;1;
Попов, Павел Сергеевич;Tolstoy;2;
Лорис-Меликов, Михаил Тариэлович;Tolstoy;1;
Стыка, Ян;Tolstoy;1;
Tolstoy;Соллогуб, Владимир Александрович;1;
Tolstoy;Леонов, Леонид Максимович;1;
Иванов, Пётр Константинович;Tolstoy;1;
Зепалов, Пётр Николаевич;Tolstoy;1;
Шелохонов, Пётр Илларионович;Tolstoy;1;
Адашев, Александр Иванович;Tolstoy;1;
Tolstoy;Heinrich Mann;1;
Гальперин-Каминский, Илья Даниилович;Tolstoy;1;
Икскуль фон Гильденбанд, Варвара Ивановна;Tolstoy;1;
Ламбль, Ян Баптиста;Tolstoy;1;
Tolstoy;Ильин, Иван Александрович;1;
Сытин, Иван Дмитриевич;Tolstoy;1;
Волков, Михаил Давидович;Tolstoy;1;
Алданов, Марк Александрович;Tolstoy;1;
Щедрин, Борис Ефимович;Tolstoy;1;
Francis Davis Millet;Tolstoy;1;
Депрерадович, Леонтий Иванович;Tolstoy;1;
Кадоно, Эйко;Tolstoy;1;
Мареев, Сергей Николаевич;Tolstoy;1;
Малеванов, Николай Александрович;Tolstoy;1;
Каплан, Авраам Элияу;Tolstoy;1;
Paul de Kock;Tolstoy;1;
Лебедева, Ольга Сергеевна;Tolstoy;1;
Горчаков, Михаил Алексеевич;Tolstoy;1;
Гальперин, Фальк;Tolstoy;1;
Гапон, Георгий Аполлонович;Tolstoy;1;
Albert Einstein;Tolstoy;1;
Менгден, Владимир Михайлович;Tolstoy;1;
Рыбаков, Константин Николаевич;Tolstoy;1;
Ряшенцев, Юрий Евгеньевич;Tolstoy;1;
Рыжова, Варвара Николаевна;Tolstoy;1;
Карамзина, Екатерина Андреевна;Tolstoy;1;
Саракаев, Хамзат Ибрагим-Бекович;Tolstoy;1;
Вентцель, Николай Николаевич;Tolstoy;1;
Добролюбов, Александр Михайлович;Tolstoy;1;
Швейцер, Михаил Абрамович;Tolstoy;1;
Шлёнский, Авраам;Tolstoy;1;
Давыдов, Степан Иванович;Tolstoy;1;
Jeremy Brett biography and credits;Tolstoy;1;
Пилявская, Софья Станиславовна;Tolstoy;1;
Шоссон, Эрнест;Tolstoy;1;
Бирман, Серафима Германовна;Tolstoy;1;
Немирович-Данченко, Владимир Иванович;Tolstoy;1;
Johann Wolfgang von Goethe;Tolstoy;1;
Амьель, Анри-Фредерик;Tolstoy;1;
Бондарев, Тимофей Михайлович;Tolstoy;1;
Барадийн, Базар Барадиевич;Tolstoy;1;
Судаков, Илья Яковлевич;Tolstoy;1;
Остроумов, Лев Евгеньевич;Tolstoy;1;
Шаймерденов, Сафуан;Tolstoy;1;
Фурманов, Владислав Рудольфович;Tolstoy;1;
Ратгауз, Даниил Максимович;Tolstoy;1;
Гейрот, Александр Александрович;Tolstoy;1;
Праудин, Анатолий Аркадьевич;Tolstoy;1;
Лэнгли, Уолтер;Tolstoy;1;
Ryunosuke Akutagawa;Tolstoy;1;
Иславин, Владимир Александрович;Tolstoy;1;
Коонен, Алиса Георгиевна;Tolstoy;1;
Зайдель, Лев Давидович;Tolstoy;1;
Бабятинский, Валерий Константинович;Tolstoy;1;
Заблудовский, Изиль Захарович;Tolstoy;1;
Глебов, Пётр Петрович;Tolstoy;1;
Друцэ, Ион Пантелеевич;Tolstoy;1;
Tolstoy;Honoré de Balzac;1;
Кудрявцев, Иван Михайлович;Tolstoy;1;
Кочетков, Афанасий Иванович;Tolstoy;1;
Фонда, Генри;Tolstoy;1;
Тарабаринов, Леонид Семёнович;Tolstoy;1;
Симонов, Рубен Николаевич;Tolstoy;1;
Джимала, Михал;Tolstoy;1;
Моравов, Александр Викторович;Tolstoy;1;
Курнаков, Андрей Ильич;Tolstoy;1;
Долгинин, Михаил Андреевич;Tolstoy;1;
Коновницын, Пётр Петрович;Tolstoy;1;
Батырмурзаев, Зайналабид Нухаевич;Tolstoy;1;
Домбровская, Мария;Tolstoy;1;
Забиякин, Евгений Константинович;Tolstoy;1;
Акимов, Виктор Акимович;Tolstoy;1;
Tolstoy;Сухотина-Толстая, Татьяна Львовна;1;
Мельник, Михаил Васильевич;Tolstoy;1;
Журавлёв, Дмитрий Николаевич;Tolstoy;1;
Брессон, Робер;Tolstoy;1;
Петрицкий, Анатолий Анатольевич;Tolstoy;1;
Короленко, Владимир Галактионович;Tolstoy;1;
Аксер, Эрвин;Tolstoy;1;
Tolstoy;Меньшов, Владимир Валентинович;1;
Адмони, Иоганн Григорьевич;Tolstoy;1;
Кахана, Мозеш;Tolstoy;1;
Буров, Фёдор Емельянович;Tolstoy;1;
Ильин, Борис Фёдорович;Tolstoy;1;
Пламмер, Кристофер;Tolstoy;1;
Блюменталь-Тамарина, Мария Михайловна;Tolstoy;1;
Голицын, Василий Дмитриевич;Tolstoy;1;
Давыдов, Владимир Николаевич;Tolstoy;1;
Чудаков, Сергей Михайлович;Tolstoy;1;
Агурский, Михаил Самуилович;Tolstoy;1;
Шейн, Павел Васильевич;Tolstoy;1;
Бут, Виктор Анатольевич;Tolstoy;1;
Шёберг, Альф;Tolstoy;1;
Tolstoy;Житова, Варвара Николаевна;1;
Такер, Бенджамин Рикетсон;Tolstoy;1;
Перцов, Пётр Петрович;Tolstoy;1;
Макинтайр, Аласдер;Tolstoy;1;
Мазон, Андре;Tolstoy;1;
Маккрори, Хелен;Tolstoy;1;
Anastasiya Vertinskaya;Tolstoy;1;
Фаддеев, Алексей Евгеньевич;Tolstoy;1;
Беркенгейм, Абрам Моисеевич;Tolstoy;1;
Яковлев, Иван Яковлевич;Tolstoy;1;
Хармс, Даниил Иванович;Tolstoy;1;
Tolstoy;Arthur Schopenhauer;1;
Терешко, Александр Николаевич;Tolstoy;1;
Граве, Александр Константинович;Tolstoy;1;
Тизенгаузен, Екатерина Фёдоровна;Tolstoy;1;
Окружная, Светлана Артёмовна;Tolstoy;1;
Гриценко, Николай Олимпиевич;Tolstoy;1;
Элиава, Шалва Зурабович;Tolstoy;1;
Соломин, Юрий Мефодьевич;Tolstoy;1;
Черкасов, Николай Константинович;Tolstoy;1;
Баталов, Николай Петрович;Tolstoy;1;
Берзиня, Лилита;Tolstoy;1;
Cesare Lombroso;Tolstoy;1;
Капланян, Рачья Никитович;Tolstoy;1;
Богомолец, Александр Александрович;Tolstoy;1;
Гольденвейзер, Александр Борисович;Tolstoy;1;
Копейко, Юрий Васильевич;Tolstoy;1;
Воронцова-Дашкова, Елизавета Андреевна;Tolstoy;1;
Helena Petrovna Blavatsky;Tolstoy;3;
Tolstoy;Моцарт, Вольфганг Амадей;1;
Кутузов, Михаил Илларионович;Tolstoy;1;
Львов, Владимир Владимирович;Tolstoy;1;
Османлы, Исмаил Осман оглы;Tolstoy;1;
Гуляева, Нина Ивановна;Tolstoy;1;
Бер, Николай Николаевич;Tolstoy;1;
Голицын, Александр Николаевич;Tolstoy;1;
Финляндия, страна белых лилий;Tolstoy;1;
Blaise Pascal;Tolstoy;1;
Шулер, Евгений;Tolstoy;1;
Светловидов, Николай Афанасьевич;Tolstoy;1;
Бурмистрова, Наталья Михайловна;Tolstoy;1;
Варгин, Василий Васильевич;Tolstoy;1;
Tolstoy; Екатерина_II;1;
Tolstoy;Eliza Orzeszkowa;1;
Ступка, Богдан Сильвестрович;Tolstoy;1;
Сумская, Наталья Вячеславовна;Tolstoy;1;
Булгакова, Варвара Петровна;Tolstoy;1;
Шлёцер, Борис де;Tolstoy;1;
Волконский, Николай Сергеевич (генерал);Tolstoy;2;
Асташев, Николай Илларионович;Tolstoy;1;
Фигнер, Николай Николаевич;Tolstoy;1;
Покровский, Николай Александрович;Tolstoy;1;
Милютин, Иван Андреевич;Tolstoy;1;
Комиссаров, Николай Валерианович;Tolstoy;1;
Несмелова, Римма Валентиновна;Tolstoy;1;
Зорьян, Стефан Ильич;Tolstoy;1;
Tolstoy;Émile Zola;1;
Arvid Järnefelt;Tolstoy;1;
Федосеев, Николай Евграфович;Tolstoy;1;
Верещагин, Михаил Николаевич;Tolstoy;1;
Меньшов, Владимир Валентинович;Tolstoy;1;
Лебедев, Евгений Алексеевич;Tolstoy;1;
Tolstoy;Чернышевский, Николай Гаврилович;1;
Дрезен, Эрнест Карлович;Tolstoy;1;
Кончаловский, Андрей Сергеевич;Tolstoy;1;
Ицков, Юрий Леонидович;Tolstoy;1;
Горин, Бернард;Tolstoy;1;
Че Гевара, Эрнесто;Tolstoy;1;
Муравьёв-Апостол, Матвей Иванович;Tolstoy;1;
Торопов, Анатолий Михайлович;Tolstoy;1;
Грибков, Владимир Васильевич;Tolstoy;1;
Репная, Галина Евгеньевна;Tolstoy;1;
Акулова, Ирина Григорьевна;Tolstoy;1;
Жемчужников, Алексей Михайлович;Tolstoy;1;
Маккэндлесс, Кристофер;Tolstoy;1;
Эфрос, Николай Ефимович;Tolstoy;1;
Айхенберг, Фриц;Tolstoy;1;
Вормс, Альфонс Эрнестович;Tolstoy;1;
Товстоногов, Георгий Александрович;Tolstoy;1;
Протазанов, Яков Александрович;Tolstoy;1;
Гершт, Меер Абрамович;Tolstoy;1;
Гассман, Витторио;Tolstoy;1;
Корш, Фёдор Адамович;Tolstoy;1;
Бине, Иза;Tolstoy;1;
Ройзин, Борис Павлович;Tolstoy;1;
Богомолец, София Николаевна;Tolstoy;1;
Tolstoy;Сютаев, Василий Кириллович;1;
Mario Camerini;Tolstoy;1;
Берримор, Джон;Tolstoy;1;
Титова, Людмила Владимировна;Tolstoy;1;
Хохряков, Виктор Иванович;Tolstoy;1;
Генкель, Вильгельм;Tolstoy;1;
Давыдов, Денис Васильевич;Tolstoy;1;
Райс, Кондолиза;Tolstoy;1;
Родс, Сесиль Джон;Tolstoy;1;
Нагродская, Евдокия Аполлоновна;Tolstoy;1;
Tadeusz Łomnicki;Tolstoy;1;
Берс, Вячеслав Андреевич;Tolstoy;1;
Кукарников, Андрей Иванович;Tolstoy;1;
Марков, Леонид Васильевич;Tolstoy;1;
Верейский, Орест Георгиевич;Tolstoy;1;
Анисимова, Галина Александровна;Tolstoy;1;
Салтыкова, Екатерина Васильевна;Tolstoy;1;
Григорович, Дмитрий Васильевич;Tolstoy;1;
Mikhail Zharov;Tolstoy;1;
Роек, Констанция Францевна;Tolstoy;1;
Леонгард, Карл;Tolstoy;1;
Очиров, Бато-Далай;Tolstoy;1;
Баллу, Эдин;Tolstoy;1;
Поссе, Владимир Александрович;Tolstoy;1;
Лавров, Юрий Сергеевич;Tolstoy;1;
Толстой, Сергей Сергеевич;Tolstoy;1;
Савина, Мария Гавриловна;Tolstoy;1;
Антонов, Михаил Игнатьевич;Tolstoy;1;
Басилашвили, Олег Валерианович;Tolstoy;1;
Перпер, Иосиф Овшиевич;Tolstoy;1;
Фонвизина, Наталья Дмитриевна;Tolstoy;1;
Андрианов, Владимир Павлович;Tolstoy;1;
Толстой, Андрей Иванович;Tolstoy;1;
Мосолова, Лидия Владимировна;Tolstoy;1;
Исакова, Людмила Ивановна;Tolstoy;1;
Волкенштейн, Людмила Александровна;Tolstoy;1;
Tolstoy;Гладков, Александр Константинович;1;
Tolstoy;Nikolai Alekseevich Nekrasov;1;
Фикельмон, Дарья Фёдоровна;Tolstoy;1;
Киреевский, Николай Васильевич;Tolstoy;1;
Петрова, Нина Петровна;Tolstoy;1;
Кищенков, Иван Михайлович;Tolstoy;1;
Вершинин, Александр Владимирович;Tolstoy;1;
Штиль, Георгий Антонович;Tolstoy;1;
Ivan Alekseyevich Bunin;Tolstoy;1;
Жилин, Алексей Дмитриевич;Tolstoy;1;
Нежный, Александр Иосифович;Tolstoy;1;
Tolstoy;Григорович, Дмитрий Васильевич;1;
Фадеева, Елена Алексеевна;Tolstoy;1;
Inayat Khan;Tolstoy;1;
Лачинов, Николай Александрович;Tolstoy;1;
Благодёр, Иван Иванович;Tolstoy;1;
Ефремов, Олег Николаевич;Tolstoy;1;
Папазян, Ваграм Камерович;Tolstoy;1;
Матвеев, Михаил Николаевич;Tolstoy;1;
Страхов, Адольф Иосифович;Tolstoy;1;
Годдард, Джон;Tolstoy;1;
Tolstoy;Стахович, Михаил Александрович (политик);1;
Tolstoy;Мейерхольд, Всеволод Эмильевич;1;
Здзеховский, Мариан;Tolstoy;1;
Меньшиков, Михаил Осипович;Tolstoy;1;
Байжанов, Жаяу Муса;Tolstoy;1;
Маклаков, Василий Алексеевич;Tolstoy;1;
Савельев, Владимир Дмитриевич;Tolstoy;1;
Rudolf Kassner;Tolstoy;1;
Nikolai Alekseevich Nekrasov;Tolstoy;1;
Tolstoy;Маковицкий, Душан Петрович;1;
René Doumic;Tolstoy;1;
Alexandr Ostrovsky;Tolstoy;1;
Головачёв, Аполлон Филиппович;Tolstoy;1;
Голиков, Вадим Сергеевич;Tolstoy;1;
Дворжецкий, Вацлав Янович;Tolstoy;2;
Горбунов, Андрей Николаевич;Tolstoy;1;
Горбатов, Борис Фёдорович;Tolstoy;1;
Маккавейский, Николай Корнильевич;Tolstoy;1;
Tolstoy;Танеев, Сергей Иванович;1;
Львов, Алексей Евгеньевич;Tolstoy;1;
Аксельрод, Любовь Исааковна;Tolstoy;1;
Шевченко, Фаина Васильевна;Tolstoy;1;
Притча о работнике, пришедшем с поля;Tolstoy;1;
Потапенко, Игнатий Николаевич;Tolstoy;1;
Романов, Михаил Фёдорович (актёр);Tolstoy;1;
Аннинский, Лев Александрович;Tolstoy;2;
Богданович, Алексей Владимирович;Tolstoy;1;
Толстая, Татьяна Владимировна;Tolstoy;1;
Демидова, Алла Сергеевна;Tolstoy;1;
Бичевин, Леонид Александрович;Tolstoy;1;
Горчаков, Александр Михайлович;Tolstoy;1;
Толстой, Илья Андреевич;Tolstoy;1;
Tolstoy;Блок, Александр Александрович;1;
Писемский, Алексей Феофилактович;Tolstoy;1;
Хохлов, Константин Павлович;Tolstoy;1;
Васильев, Александр (журналист);Tolstoy;1;
Мак, Карл;Tolstoy;1;
Чижевский, Александр Леонидович;Tolstoy;1;
Хаас, Долли;Tolstoy;1;
Липкан, Александр Михайлович;Tolstoy;1;
Tolstoy;Ломунов, Константин Николаевич;1;
Радин, Николай Мариусович;Tolstoy;1;
Толстой, Лев Львович;Tolstoy;1;
C P Snow;Tolstoy;1;
Гжегожевский, Ежи;Tolstoy;1;
Рассказов, Александр Андреевич;Tolstoy;1;
Свободин, Николай Капитонович;Tolstoy;1;
Харченко, Сергей Васильевич;Tolstoy;1;
Tolstoy;Romain Rolland;1;
Варпаховская, Анна Леонидовна;Tolstoy;1;
Альфано, Франко;Tolstoy;1;
Бенмюсса, Симона;Tolstoy;1;
Nikolai Leskov;Tolstoy;1;
Розен, Андрей Евгеньевич;Tolstoy;1;
Цингер, Александр Васильевич;Tolstoy;2;
Tolstoy;Толстая, Софья Андреевна;1;
Мэллори, Люси;Tolstoy;1;
Армфельд, Наталья Александровна;Tolstoy;1;
Филиппов, Михаил Михайлович;Tolstoy;1;
Мейер, Дмитрий Иванович;Tolstoy;1;
Низовой, Виктор Алексеевич;Tolstoy;1;
Орлов, Николай Васильевич (художник);Tolstoy;1;
Еланская, Клавдия Николаевна;Tolstoy;1;
Горнфельд, Аркадий Георгиевич;Tolstoy;1;
Бирюков, Павел Иванович;Tolstoy;1;
Коржев, Иван Владимирович;Tolstoy;1;
Читати, Пьетро;Tolstoy;1;
Лукин, Виктор Дмитриевич;Tolstoy;1;
Лопато, Людмила Ильинична;Tolstoy;1;
Перле, Рудольф;Tolstoy;1;
Градополов, Константин Константинович;Tolstoy;1;
Де Местр, Жозеф;Tolstoy;1;
Виктюк, Роман Григорьевич;Tolstoy;1;
Яначек, Леош;Tolstoy;1;
Горин-Горяйнов, Борис Анатольевич;Tolstoy;1;
Панков, Павел Петрович;Tolstoy;1;
Станицын, Виктор Яковлевич;Tolstoy;1;
Креслиньш, Освальд;Tolstoy;1;
Максакова, Людмила Васильевна;Tolstoy;1;
Бромфилд, Эндрю;Tolstoy;1;
Комашко, Алексей Александрович;Tolstoy;1;
Мартынов, Николай Авенирович;Tolstoy;1;
Фофанов, Константин Михайлович;Tolstoy;1;
Митропольский, Иван Иванович;Tolstoy;1;
Tolstoy;Аксаков, Константин Сергеевич;1;
Tolstoy;Боткин, Василий Петрович;1;
Тихонравов, Николай Саввич;Tolstoy;1;
Тизенгаузен, Фёдор Иванович;Tolstoy;1;
Valentin Fyodorovich Bulgakov;Tolstoy;2;
Бурыгина, Юлия Ивановна;Tolstoy;1;
Бероев, Егор Вадимович;Tolstoy;1;
Куросава, Акира;Tolstoy;1;
Герасимов, Сергей Аполлинариевич;Tolstoy;1;
Давидит, Ривка;Tolstoy;1;
Осмоловская, Зоя Васильевна;Tolstoy;1;
Орлов, Дмитрий Николаевич;Tolstoy;1;
Плетнёв, Александр Борисович;Tolstoy;1;
Королицкий, Марк Самойлович;Tolstoy;1;
Степурина, Дора Фёдоровна;Tolstoy;1;
Нургали, Рымгали Нургалиевич;Tolstoy;1;
Загурская, Галина Николаевна;Tolstoy;1;
Астрейко, Анатоль;Tolstoy;1;
Оцуп, Пётр Адольфович;Tolstoy;1;
Стариков, Виталий Алексеевич;Tolstoy;1;
Tolstoy;Соловьёв, Евгений Андреевич;1;
Суворин, Алексей Сергеевич;Tolstoy;1;
Прудкин, Марк Исаакович;Tolstoy;1;
Победин, Константин Владимирович;Tolstoy;1;
Tolstoy;Fyodor Dostoevsky;1;
Корейша, Иван Яковлевич;Tolstoy;1;
Tolstoy;Лукьянов, Сергей Михайлович;1;
Иванников, Михаил Дмитриевич;Tolstoy;1;
Дикий, Алексей Денисович;Tolstoy;1;
Каразин, Николай Николаевич;Tolstoy;1;
Ламбин, Пётр Борисович;Tolstoy;1;
Столыпин, Аркадий Дмитриевич;Tolstoy;1;
Гордин, Яков Михайлович;Tolstoy;1;
Бари, Александр Вениаминович;Tolstoy;1;
Поппер-Линкеус, Йозеф;Tolstoy;1;
Яковлев, Юрий Васильевич;Tolstoy;1;
Клетниеце, Милда;Tolstoy;1;
Книппер-Чехова, Ольга Леонардовна;Tolstoy;1;
Тагиев, Гаджи Зейналабдин;Tolstoy;1;
Tolstoy;Короленко, Владимир Галактионович;1;
Художественный (кинотеатр, Москва);Tolstoy;1;
Осипов, Валентин Осипович;Tolstoy;1;
Мамышев-Монро, Владислав Юрьевич;Tolstoy;1;
Tolstoy;Charles Dickens;1;
Яковлев, Антон Юрьевич;Tolstoy;1;
Вяземский, Пётр Андреевич;Tolstoy;1;
Vladimir Vysotsky;Tolstoy;1;
Колобов, Леонид Николаевич;Tolstoy;1;
Tolstoy;Реад, Николай Андреевич;1;
Tolstoy;Муравьёв-Апостол, Иван Матвеевич;1;
Белкин, Андрей Михайлович;Tolstoy;1;
Питоев, Жорж;Tolstoy;1;
Новосёлов, Михаил Александрович;Tolstoy;1;
Шварц, Рафаэль;Tolstoy;1;
Шатилло, Иван Брониславович;Tolstoy;1;
Tolstoy;Immanuel Kant;1;
Белёвцева, Наталия Алексеевна;Tolstoy;1;
Балибар, Жанна;Tolstoy;1;
Плещеев, Алексей Николаевич;Tolstoy;1;
Халютина, Софья Васильевна;Tolstoy;1;
Надир, Мойше;Tolstoy;1;
Страхов, Фёдор Алексеевич;Tolstoy;1;
Быков, Дмитрий Львович;Tolstoy;1;
Сварог, Василий Семёнович;Tolstoy;1;
Кобейн, Курт;Tolstoy;1;
Турчанинова, Евдокия Дмитриевна;Tolstoy;1;
Соловьёв, Александр Титович;Tolstoy;1;
Tolstoy;Vladimir Nabokov;1;
Гоф, Майкл;Tolstoy;1;
Нечаев-Мальцов, Юрий Степанович;Tolstoy;1;
Мамедова, Шафига Гашим кызы;Tolstoy;1;
Никулина, Надежда Алексеевна;Tolstoy;1;
Вахтангов, Евгений Багратионович;Tolstoy;1;
Tolstoy;Бах, Иоганн Себастьян;1;
Иванов, Юрий Валентинович;Tolstoy;1;
Курочкин, Георгий Иванович;Tolstoy;1;
Hall Caine;Tolstoy;1;
Толстой, Лев;Tolstoy;1;
Ансира Берни, Сельма;Tolstoy;1;
Жидков, Иван Алексеевич;Tolstoy;1;
Норов, Авраам Сергеевич;Tolstoy;1;
Мейлах, Борис Соломонович;Tolstoy;1;
Станкевич, Михаил Сергеевич;Tolstoy;1;
Брыль, Янка;Tolstoy;1;
Дорнхельм, Роберт;Tolstoy;1;
Линдер, Исаак Максович;Tolstoy;1;
Дмитриев, Владимир Владимирович (художник);Tolstoy;1;
Город (роман, 2008);Tolstoy;1;
Погудин, Олег Евгеньевич;Tolstoy;1;
Самарина, Антонина Николаевна;Tolstoy;1;
Семёнов, Сергей Терентьевич;Tolstoy;1;
Герасин, Виктор Иванович;Tolstoy;1;
Литовцева, Нина Николаевна;Tolstoy;1;
Viktor Korshunov;Tolstoy;1;
Тарасов, Виктор Павлович;Tolstoy;1;
Рабий, Барбу;Tolstoy;1;
Файджес, Орландо;Tolstoy;1;
Грузинский, Александр Павлович;Tolstoy;1;
Tolstoy;Шопен, Фредерик;1;
Tolstoy;Edison, His Life and Inventions;1;
Мичурина-Самойлова, Вера Аркадьевна;Tolstoy;1;
Школьников, Семён Семёнович;Tolstoy;1;
Бороша, Миливой;Tolstoy;1;
Пегова, Ирина Сергеевна;Tolstoy;1;
Лохвицкая, Мирра Александровна;Tolstoy;1;
Лентовский, Михаил Валентинович;Tolstoy;1;
Кизеветтер, Иоганн;Tolstoy;1;
Tolstoy;Roger Martin du Gard;1;
Козак, Николай Михайлович;Tolstoy;1;
Джанибекян, Гурген Джанибекович;Tolstoy;1;
Батурин, Евгений Васильевич;Tolstoy;1;
Симонова, Евгения Павловна;Tolstoy;1;
Русанов, Андрей Гаврилович;Tolstoy;1;
Первухин, Михаил Константинович;Tolstoy;1;
Tolstoy; Алексей_II;1;
Tolstoy;Краско, Иван Иванович;1;
Девите, Регина;Tolstoy;1;
Фокин, Валерий Владимирович;Tolstoy;1;
Черневский, Сергей Антипович;Tolstoy;1;
Чуйков, Александр Александрович;Tolstoy;1;
Малян, Давид Мелкумович;Tolstoy;1;
Кенигсон, Владимир Владимирович;Tolstoy;1;
Лопухин, Иларион Дмитриевич;Tolstoy;1;
Покидченко, Анна Яковлевна;Tolstoy;1;
Мазурин, Василий Петрович;Tolstoy;1;
Новогрудская, Марианна Герцелевна;Tolstoy;1;
Завадовский, Пётр Васильевич;Tolstoy;1;
Абэ, Томодзи;Tolstoy;1;
Мещеряков, Николай Леонидович;Tolstoy;1;
Соловцов, Николай Николаевич;Tolstoy;1;
Бутурлин, Сергей Петрович;Tolstoy;1;
Кедров, Михаил Николаевич;Tolstoy;1;
Жерихов, Николай Иванович;Tolstoy;1;
Плужник, Евгений Павлович;Tolstoy;1;
Кутушев, Ахмет Шагиахметович;Tolstoy;1;
Пореченков, Михаил Евгеньевич;Tolstoy;1;
Уварова, Нелли Владимировна;Tolstoy;1;
Громека, Степан Степанович;Tolstoy;1;
Кобекин, Владимир Александрович;Tolstoy;1;
Кошка, Пётр Маркович;Tolstoy;1;
Грибунин, Владимир Фёдорович;Tolstoy;1;
Tolstoy;Толстой, Владимир Ильич;1;
Юренева, Вера Леонидовна;Tolstoy;1;
Кайдановский, Александр Леонидович;Tolstoy;1;
Лавров, Кирилл Юрьевич;Tolstoy;1;
Толстой, Владимир Ильич;Tolstoy;1;
Тарасова, Алла Константиновна;Tolstoy;1;
Скрябин, Юлиан Александрович;Tolstoy;1;
Адаменко, Григорий Анатольевич;Tolstoy;1;
Гурвич, Элиас;Tolstoy;1;
Андровская, Ольга Николаевна;Tolstoy;1;
Хиршфельд, Магнус;Tolstoy;1;
Леонтьев, Константин Николаевич;Tolstoy;1;
Гаррисон, Уильям Ллойд;Tolstoy;1;
Артемьев, Александр Спиридонович;Tolstoy;1;
Стрижнёва, Светлана Ефимовна;Tolstoy;1;
Волков, Соломон Моисеевич;Tolstoy;1;
Кипиани, Михаил Кайхарович;Tolstoy;1;
Манн, Томас;Tolstoy;1;
Tolstoy;Толстой, Андрей Львович;1;
Баратынский, Александр Николаевич;Tolstoy;1;
Микельштедтер, Карло;Tolstoy;1;
Спивак, Михаил Львович;Tolstoy;1;
Билинкис, Яков Семёнович;Tolstoy;1;
Минор, Соломон Алексеевич;Tolstoy;1;
Нахера, Мануэль Гутьеррес;Tolstoy;1;
Заклунная, Валерия Гаврииловна;Tolstoy;1;
Сегюр, Филипп Поль де;Tolstoy;1;
Hans Christian Andersen;Tolstoy;1;
Пильский, Пётр Мосевич;Tolstoy;1;
Молочников, Александр Александрович;Tolstoy;1;
Григорьев, Афанасий Григорьевич;Tolstoy;1;
Романова, Вера Константиновна;Tolstoy;1;
Таубе, Михаил Александрович;Tolstoy;1;
Титова, Мария Андреевна;Tolstoy;1;
Bertha von Suttner;Tolstoy;1;
Васнецов, Юрий Алексеевич;Tolstoy;1;
Авенариус, Георгий Александрович;Tolstoy;1;
Федотова, Гликерия Николаевна;Tolstoy;1;
Платонов, Борис Викторович;Tolstoy;1;
Пахомов, Владимир Михайлович;Tolstoy;1;
Певцов, Илларион Николаевич;Tolstoy;1;
Толстой, Илья Андреевич (полковник);Tolstoy;1;
Соллогуб, Фёдор Львович;Tolstoy;1;
Цебрикова, Мария Константиновна;Tolstoy;1;
Суханов, Николай Николаевич;Tolstoy;1;
Оцеп, Фёдор Александрович;Tolstoy;1;
Чебодаев, Михаил Николаевич;Tolstoy;1;
Ланг, Мария;Tolstoy;1;
Otomar Krejča;Tolstoy;1;
Равенских, Борис Иванович;Tolstoy;1;
Кони, Анатолий Фёдорович;Tolstoy;1;
Азбукин, Дмитрий Иванович;Tolstoy;1;
Даву, Луи Никола;Tolstoy;1;
Шкловский, Виктор Борисович;Tolstoy;1;
Tolstoy;Макарова, Тамара Фёдоровна;1;
Tolstoy;Ковалевский, Осип Михайлович;1;
Grazia Deledda;Tolstoy;1;
Мирбо, Октав;Tolstoy;1;
Богатырёв, Юрий Георгиевич;Tolstoy;1;
Чисталёв, Вениамин Тимофеевич;Tolstoy;1;
Гомбоев, Галсан;Tolstoy;1;
Tolstoy;Монтескьё, Шарль-Луи де Секонда;1;
Tolstoy;Анненков, Павел Васильевич;1;
Щеглов, Владимир Георгиевич;Tolstoy;1;
Морейнис-Муратова, Фани Абрамовна;Tolstoy;1;
Tolstoy;Герцен, Александр Иванович;1;
Безчастнов, Игорь Михайлович;Tolstoy;1;
Одоевский, Владимир Фёдорович;Tolstoy;2;
Раскатов, Лев Викторович;Tolstoy;1;
Николаев, Михаил Ефимович;Tolstoy;1;
Гозенпуд, Абрам Акимович;Tolstoy;1;
Станиславский, Константин Сергеевич;Tolstoy;1;
Львов, Георгий Евгеньевич;Tolstoy;1;
Калягин, Александр Александрович;Tolstoy;1;
Сулержицкий, Леопольд;Tolstoy;1;
Полонский, Яков Петрович;Tolstoy;1;
Ульянинский, Дмитрий Васильевич;Tolstoy;1;
Боярский, Сергей Александрович;Tolstoy;1;
Давыдов, Николай Васильевич;Tolstoy;1;
Буренин, Виктор Петрович;Tolstoy;1;
Tolstoy;Манн, Томас;1;
Кашпур, Владимир Терентьевич;Tolstoy;1;
Вогюэ, Эжен Мельхиор де;Tolstoy;1;
Розанова, Сусанна Абрамовна;Tolstoy;1;
Орлов, Дмитрий Алексеевич;Tolstoy;1;
Tolstoy;Ивашкевич, Ярослав;1;
Шипов, Дмитрий Николаевич;Tolstoy;1;
Эрденко, Михаил Гаврилович;Tolstoy;1;
Романович, Евгений Степанович;Tolstoy;1;
Наживин, Иван Фёдорович;Tolstoy;1;
Гольденвейзер, Эммануэль Александрович;Tolstoy;1;
Петкер, Борис Яковлевич;Tolstoy;1;
Богатыренко, Павла Захаровна;Tolstoy;1;
Николаев, Пётр Петрович;Tolstoy;1;
Прийма, Фёдор Яковлевич;Tolstoy;1;
Андерсон, Джон (музыкант);Tolstoy;1;
Жупанчич, Отон;Tolstoy;1;
Толстой, Лев (значения);Tolstoy;1;
Сидельникова, Зинаида Яковлевна;Tolstoy;1;
Tolstoy;Stefan Zweig;1;
Арисима, Такэо;Tolstoy;1;
Tolstoy;Григорьев, Аполлон Александрович;1;
Рушева, Надежда Николаевна;Tolstoy;1;
Полторацкий, Владимир Алексеевич;Tolstoy;1;
Пастернак, Леонид Осипович;Tolstoy;1;
Эртель, Александр Иванович;Tolstoy;1;
Жильцов, Алексей Васильевич;Tolstoy;1;
Сенеш, Хана;Tolstoy;1;
Гринман, Илья Абрамович;Tolstoy;1;
Тиблен, Николай Львович;Tolstoy;1;
Фейнерман, Исаак Борисович;Tolstoy;1;
Аренский, Антон Степанович;Tolstoy;1;
Пиотровский, Юрий Георгиевич;Tolstoy;1;
Толстая, Софья Андреевна;Tolstoy;1;
Глебов, Степан Богданович;Tolstoy;1;
Толстой, Михаил Павлович;Tolstoy;2;
Щукин, Борис Фёдорович;Tolstoy;1;
Навроцкий, Александр Александрович;Tolstoy;1;
Ильинский, Игорь Владимирович (литературовед);Tolstoy;1;
Марков, Евгений Львович;Tolstoy;1;
Синельников, Николай Николаевич;Tolstoy;1;
Головко, Вячеслав Михайлович;Tolstoy;1;
Козмеску, Александр Александрович;Tolstoy;1;
Зулонас, Пятрас Йонович;Tolstoy;1;
John Ruskin;Tolstoy;1;
Казем-Бек, Александр Львович;Tolstoy;1;
Tolstoy;Фет, Афанасий Афанасьевич;1;
Гольденвейзер, Александр Соломонович;Tolstoy;1;
Оболенский, Леонид Егорович;Tolstoy;1;
Вильбушевич, Моше;Tolstoy;1;
Попова, Вера Николаевна;Tolstoy;1;
Скворцов, Илья Вадимович;Tolstoy;1;
Симов, Виктор Андреевич;Tolstoy;1;
Цискаридзе, Николай Максимович;Tolstoy;1;
Толстой, Никита Ильич;Tolstoy;1;
Tolstoy;George Frideric Handel;1;
Бусыгина, Анастасия Владимировна;Tolstoy;1;
Головин, Иван Михайлович;Tolstoy;1;
Циолковский, Константин Эдуардович;Tolstoy;1;
Толстая, Александра Львовна;Tolstoy;1;
Стасов, Владимир Васильевич;Tolstoy;1;
Saneatsu Mushanokoji;Tolstoy;1;
Кораблёв, Василий Николаевич;Tolstoy;1;
Чеменземинли, Юсиф Везир;Tolstoy;1;
Tolstoy; Николай_II;1;
Vladimir Shainskiy;Tolstoy;1;
Джигарханян, Армен Борисович;Tolstoy;1;
Tolstoy;Лелевель, Иоахим;1;
Сухотина-Толстая, Татьяна Львовна;Tolstoy;1;
Полосин, Евгений Максимович;Tolstoy;1;
Гадаев, Магомед-Салах;Tolstoy;1;
Долгоруков, Василий Андреевич;Tolstoy;1;
Кианто, Илмари;Tolstoy;1;
Минкаилов, Эльбрус Салаудыевич;Tolstoy;1;
Дондукова-Корсакова, Мария Михайловна;Tolstoy;1;
Яцко, Игорь Владимирович;Tolstoy;1;
Romain Rolland;Tolstoy;1;
Модзалевский, Борис Львович;Tolstoy;1;
Могилевский, Абрам Ильич;Tolstoy;1;
Столыпин, Алексей Аркадьевич;Tolstoy;1;
Клюев, Николай Алексеевич;Tolstoy;1;
Телешов, Николай Дмитриевич;Tolstoy;1;
Tolstoy;Ге, Николай Николаевич;1;
Купченко, Ирина Петровна;Tolstoy;1;
Рыжова, Татьяна Николаевна;Tolstoy;1;
Скворцов, Василий Михайлович;Tolstoy;1;
Коренева, Лидия Михайловна;Tolstoy;1;
Урусов, Сергей Семёнович;Tolstoy;1;
Поливанов, Лев Иванович;Tolstoy;1;
Leo Wiener;Tolstoy;1;
Tolstoy;Стасов, Владимир Васильевич;1;
Бернарден де Сен-Пьер, Жак-Анри;Tolstoy;1;
Барыкова, Анна Павловна;Tolstoy;1;
Ivan Cankar;Tolstoy;1;
Ильинский, Игорь Владимирович;Tolstoy;1;
Henryk Sienkiewicz;Tolstoy;1;
Чайковский, Борис Витальевич;Tolstoy;1;
Кесслер, Дувид;Tolstoy;1;
Эннекен, Эмиль;Tolstoy;1;
Тростянецкий, Геннадий Рафаилович;Tolstoy;1;
Дудышкин, Степан Семёнович;Tolstoy;1;
Вересаев, Викентий Викентьевич;Tolstoy;1;
Astrid Lindgren;Tolstoy;1;
Юшков, Александр Иванович;Tolstoy;1;
Абамелек, Анна Давыдовна;Tolstoy;1;
Мехмандаров, Самед-бек Садых-бек оглы;Tolstoy;1;
Лейко, Мария Карловна;Tolstoy;1;
Кнебель, Мария Осиповна;Tolstoy;1;
Голдмен, Джеймс;Tolstoy;1;
Прокудин-Горский, Сергей Михайлович;Tolstoy;1;
Горчаков, Иван Фёдорович;Tolstoy;1;
Tolstoy;Скабичевский, Александр Михайлович;1;
Карм, Каарел;Tolstoy;1;
Макашин, Сергей Александрович;Tolstoy;1;
Суренянц, Вардгес Акопович;Tolstoy;1;
Лашкарёв, Сергей Сергеевич;Tolstoy;1;
Элебаев, Мукай;Tolstoy;1;
Tolstoy;Попов, Евгений Иванович (толстовец);1;
Tolstoy;Felix Mendelssohn;1;
Каляев, Иван Платонович;Tolstoy;1;
Стрельников, Николай Михайлович;Tolstoy;1;
Tolstoy;Толстой, Михаил Львович;1;
Сорокин, Питирим Александрович;Tolstoy;1;
Арабажин, Константин Иванович;Tolstoy;1;
Кродерс, Ольгерт;Tolstoy;1;
Селиханович, Александр Брониславович;Tolstoy;1;
Акашкин, Вячеслав Павлович;Tolstoy;1;
Пешкова, Дарья Максимовна;Tolstoy;1;
Петров, Григорий Спиридонович;Tolstoy;1;
Бедро, Иван Прохорович;Tolstoy;1;
Григонис, Матас;Tolstoy;1;
Кербабаев, Берды Мурадович;Tolstoy;1;
Дурасова, Мария Александровна;Tolstoy;1;
Милюзина, Лидия Андреевна;Tolstoy;1;
Сину, Кира;Tolstoy;1;
Tolstoy;Леонтьев, Константин Николаевич;1;
Никитин, Михаил Матвеевич;Tolstoy;1;
Марков, Василий Петрович;Tolstoy;1;
Самокиш, Николай Семёнович;Tolstoy;1;
Хикмет, Назым;Tolstoy;1;
Белобородов, Николай Иванович;Tolstoy;1;
Топорков, Василий Осипович;Tolstoy;1;
Новокрещенова, Галина Николаевна;Tolstoy;1;
Тэффи;Tolstoy;1;
Волчков, Николай Николаевич;Tolstoy;1;
Патти, Аделина;Tolstoy;1;
Война и мир (телесериал, 2007);Tolstoy;1;
Карелина, Галина Тимофеевна;Tolstoy;1;
Блудов, Дмитрий Николаевич;Tolstoy;1;
Толстой, Илья Андреевич (губернатор);Tolstoy;1;
Гур-Арье, Йегуда;Tolstoy;1;
Tolstoy;Berthold Auerbach;1;
Миронов, Пётр Григорьевич;Tolstoy;1;
Полякова, Елена Ивановна;Tolstoy;1;
Масальская, Нина Николаевна;Tolstoy;1;
Я знаю, что ничего не знаю;Tolstoy;1;
Tolstoy;Волконский, Николай Сергеевич (генерал);1;
Фоменко, Пётр Наумович;Tolstoy;1;
Лурье, Яков Моисеевич;Tolstoy;1;
Tolstoy;Тургенева, Варвара Петровна;1;
Филевский, Иван Иванович;Tolstoy;1;
Кантор, Моисей Исаакович;Tolstoy;1;
Артём, Александр Родионович;Tolstoy;1;
Оде-де-Сион, Александр Карлович;Tolstoy;1;
Дроздов, Глеб Борисович;Tolstoy;1;
Толстой, Фёдор Петрович;Tolstoy;1;
Tolstoy;Свенцицкий, Валентин Павлович;1;
Хилков, Дмитрий Александрович;Tolstoy;1;
Гусман, Борис Евсеевич;Tolstoy;1;
Ват, Александер;Tolstoy;1;
Щеголёнок, Василий Петрович;Tolstoy;1;
Савина, Вера Юрьевна;Tolstoy;1;
Мубаряков, Арслан Котлыахметович;Tolstoy;1;
Купле, Дина;Tolstoy;1;
Мориц, Юнна Петровна;Tolstoy;1;
Серова, Валентина Семёновна;Tolstoy;1;
Мансурова, Цецилия Львовна;Tolstoy;1;
Roger Martin du Gard;Tolstoy;1;
Tolstoy;Бирюков, Павел Иванович;1;
Мкртчян, Левон Мкртычевич;Tolstoy;1;
Нерсесян, Рачия Нерсесович;Tolstoy;1;
Гуревич, Любовь Яковлевна;Tolstoy;1;
Болдуман, Михаил Пантелеймонович;Tolstoy;1;
Нестеров, Алексей Яковлевич;Tolstoy;1;
Якубовский, Виктор Владиславович;Tolstoy;1;
Стелловский, Фёдор Тимофеевич;Tolstoy;1;
Ivan Turgenev;Tolstoy;1;
Tolstoy;Толстая, Мария Николаевна;1;
Tolstoy;Толстой, Илья Львович;1;
Комиссаров, Александр Михайлович;Tolstoy;1;
Arthur Schopenhauer;Tolstoy;2;
Казанская, Алла Александровна;Tolstoy;1;
Александров, Анатолий Александрович (поэт, журналист);Tolstoy;1;
Саитов, Виктор Петрович;Tolstoy;1;
Потёмкин, Григорий Александрович;Tolstoy;1;
Никифоров, Михаил Илларионович;Tolstoy;1;
Tolstoy;Михайловский, Николай Константинович;1;
Раковская, Рина;Tolstoy;1;
Дерек, Джон;Tolstoy;1;
Tolstoy;Дудышкин, Степан Семёнович;1;
Юрьев, Юрий Михайлович;Tolstoy;1;
Ястржембский, Андрей Станиславович;Tolstoy;1;
Tolstoy;Репин, Илья Ефимович;1;
Tolstoy;Ivan Alekseyevich Bunin;1;
Кулешов, Пётр Иванович;Tolstoy;1;
Буланже, Павел Александрович;Tolstoy;1;
Денисов, Владимир Сергеевич;Tolstoy;1;
Gerhart Hauptmann;Tolstoy;1;
Протопопов, Михаил Алексеевич (публицист);Tolstoy;1;
Богуславский, Михаил Викторович;Tolstoy;1;
Корчагина-Александровская, Екатерина Павловна;Tolstoy;1;
Benito Pérez Galdós;Tolstoy;1;
Петонди, Фома Иванович;Tolstoy;1;
Дребнёва, Людмила Николаевна;Tolstoy;1;
Шилтьян, Григорий Иванович;Tolstoy;1;
Саэки, Кадзуми;Tolstoy;1;
Рейтерн, Евграф Евграфович;Tolstoy;1;
http://dbpedia.org/resource/Integral_yoga;Tolstoy;1;
Хубаи, Енё;Tolstoy;1;
Фишер, Самуэль;Tolstoy;1;
Васильев, Юрий Николаевич;Tolstoy;1;
Павлычко, Соломия Дмитриевна;Tolstoy;1;
Мейендорф, Фёдор Егорович;Tolstoy;1;
Бебутов, Гарегин Владимирович;Tolstoy;1;
Tolstoy;Ницше, Фридрих;1;
Шамов, Афзал Шигабутдинович;Tolstoy;1;
Tolstoy;Anatole France;1;
Змора, Исраэль;Tolstoy;1;
Осинский, Валериан Андреевич;Tolstoy;1;
Мечников, Илья Ильич;Tolstoy;1;
Трегубов, Иван Михайлович;Tolstoy;1;
Tolstoy;Победоносцев, Константин Петрович;1;
Ганзен, Пётр Готфридович;Tolstoy;1;
Неустроев, Константин Гаврилович;Tolstoy;1;
Ковачич, Лойзе;Tolstoy;1;
Tolstoy;Мень, Александр Владимирович;1;
Родионов, Михаил Семёнович;Tolstoy;1;
Толстой, Пётр Петрович;Tolstoy;1;
Фёдоров, Николай Фёдорович;Tolstoy;1;
Вахидова, Марьям Адыевна;Tolstoy;1;
Клеточников, Николай Васильевич;Tolstoy;1;
Tolstoy;Ковалевский, Максим Максимович;1;
Закревская, Аграфена Фёдоровна;Tolstoy;1;
Абгарович, Каетан;Tolstoy;1;
Tolstoy;Толстая, Мария Львовна;1;
Нестеров, Михаил Васильевич;Tolstoy;1;
Рыбников, Алексей Львович;Tolstoy;1;
Янковский, Олег Иванович;Tolstoy;1;
Пендраковский, Валерий Юрьевич;Tolstoy;1;
Tolstoy;Бердяев, Николай Александрович;1;
Куликовский, Михаил Алексеевич;Tolstoy;1;
Германова, Мария Николаевна;Tolstoy;1;
Паскаль, Пётр Карлович;Tolstoy;1;
Гайер, Светлана;Tolstoy;1;
Дадаш-заде, Мамед Ариф Магеррам оглы;Tolstoy;1;
Данилов, Михаил Викторович (актёр);Tolstoy;1;
Тан-Пай, Йегошуа;Tolstoy;1;
Царёв, Михаил Иванович;Tolstoy;1;
Сулержицкий, Леопольд Антонович;Tolstoy;1;
Орленев, Павел Николаевич;Tolstoy;1;
Ромодина, Генриетта Владимировна;Tolstoy;1;
Яблочкина, Александра Александровна;Tolstoy;1;
Пастернак, Борис Леонидович;Tolstoy;1;
Мейтус, Элиягу;Tolstoy;1;
Толстой, Лёв;Tolstoy;1;
Трубецкой, Дмитрий Юрьевич;Tolstoy;1;
Кекилбаев, Абиш Кекилбаевич;Tolstoy;1;
Одоевский, Иван Васильевич;Tolstoy;1;
Солодова, Елизавета Михайловна;Tolstoy;1;
Буххольц, Хорст;Tolstoy;1;
Аниськин, Павел Сергеевич;Tolstoy;1;
Струйский, Пётр Петрович;Tolstoy;1;
Перес, Шимон;Tolstoy;1;
Tolstoy;Чуковский, Корней Иванович;1;
Генатулин, Анатолий Юмабаевич;Tolstoy;1;
Ходасевич, Владислав Фелицианович;Tolstoy;1;
Сопоцько, Михаил Аркадьевич;Tolstoy;1;
Гудзий, Николай Каллиникович;Tolstoy;1;
Портной, Рахмиль Маркович;Tolstoy;1;
Покатилов, Василий Осипович;Tolstoy;1;
Константинов, Константин Юрьевич;Tolstoy;1;
Белов, Григорий Акинфович;Tolstoy;1;
Столыпина, Мария Аркадьевна;Tolstoy;1;
Булгаков, Фёдор Ильич;Tolstoy;1;
Tolstoy;Щеголёнок, Василий Петрович;1;
Таммсааре, Антон Хансен;Tolstoy;1;
Lubov Orlova;Tolstoy;1;
Оболенский, Николай Леонидович (губернатор);Tolstoy;1;
Кабанов, Александр Николаевич;Tolstoy;1;
Tolstoy;Ткачёв, Пётр Никитич;1;
Харитон, Борис Осипович;Tolstoy;1;
Сковорода, Григорий Саввич;Tolstoy;1;
Парфёнов, Николай Иванович;Tolstoy;1;
Бальмонт, Константин Дмитриевич;Tolstoy;1;
Tolstoy;Сытин, Иван Дмитриевич;1;
Болотина, Анисья Давыдовна;Tolstoy;1;
Tolstoy;Вокач, Александр Андреевич;1;
Гришко, Юрий Дмитриевич;Tolstoy;1;
Гордон, Аарон Давид;Tolstoy;1;
Мукушев, Алексей Константинович;Tolstoy;1;
Лобанов, Андрей Михайлович;Tolstoy;1;
Ефремов, Владимир Иванович;Tolstoy;1;
Мышковская, Лия Моисеевна;Tolstoy;1;
Tolstoy;Блок, Жан-Ришар;1;
Решетников, Анатолий Георгиевич;Tolstoy;1;
Tolstoy;Толстой, Сергей Львович;1;
Гюрджян, Акоп Маркарович;Tolstoy;1;
Коломийцева, Анна Андреевна;Tolstoy;1;
Кожич, Владимир Платонович;Tolstoy;1;
Пискатор, Эрвин;Tolstoy;1;
Куставэлле, Луиджио;Tolstoy;1;
Tolstoy;Пуйманова, Мария;1;
Tolstoy;Прокудин-Горский, Сергей Михайлович;1;
Гагарин, Сергей Иванович;Tolstoy;1;
Нурпеисов, Абдижамил Каримович;Tolstoy;1;
Кторов, Анатолий Петрович;Tolstoy;1;
Клюквин, Александр Владимирович;Tolstoy;1;
Иноземцев, Артём Михайлович;Tolstoy;1;
Ноэ, Шпенд Соллаку;Tolstoy;1;
Tolstoy;Мейер, Дмитрий Иванович;1;
Эфрос, Анатолий Васильевич;Tolstoy;1;
Ювачёв, Иван Павлович;Tolstoy;1;
Richard Boleslawski;Tolstoy;1;
Ковалёв, Владислав Антонович;Tolstoy;1;
Трещёв, Григорий Дмитриевич;Tolstoy;1;
Ковель, Валентина Павловна;Tolstoy;1;
Заволокин, Борис Фёдорович;Tolstoy;1;
Шилов, Фёдор Григорьевич;Tolstoy;1;
Люце, Владимир Владимирович;Tolstoy;1;
Tolstoy;Johann Wolfgang von Goethe;1;
Иллакович, Казимера;Tolstoy;1;
Гроссман, Василий Семёнович;Tolstoy;1;
Tolstoy;Вулф, Томас;1;
Франзен, Джонатан;Tolstoy;1;
Тахо-Годи, Алибек Алибекович;Tolstoy;1;
Ноговицын, Олег Михайлович;Tolstoy;1;
Цявловский, Мстислав Александрович;Tolstoy;1;
Лопатин, Лев Михайлович;Tolstoy;1;
Бочаров, Сергей Георгиевич;Tolstoy;1;
Гайликовская, Людмила Владимировна;Tolstoy;1;
Язвинская, Ирина Эдуардовна;Tolstoy;1;
Страхов, Николай Николаевич;Tolstoy;1;
Коляда, Николай Владимирович;Tolstoy;1;
Tolstoy;Герасимов, Сергей Аполлинариевич;1;
Немирович-Данченко, Василий Иванович;Tolstoy;1;
Хайруллина, Роза Вакильевна;Tolstoy;1;
Кирюшина, Галина Александровна;Tolstoy;1;
Гайдебуров, Павел Павлович;Tolstoy;1;
Tolstoy;Розанов, Василий Васильевич;1;
Судейкин, Сергей Юрьевич;Tolstoy;1;
Pierre-Joseph Proudhon;Tolstoy;1;
Толстой-Милославский, Николай Дмитриевич;Tolstoy;1;
Трубецкая, Елизавета Эсперовна;Tolstoy;1;
Толстой, Пётр Андреевич;Tolstoy;1;
Рудакс, Рихард;Tolstoy;1;
Tolstoy;Alexandr Ostrovsky;1;
Marcel Proust;Tolstoy;1;
Фудзинума, Такаси;Tolstoy;1;
Поздеев, Осип Алексеевич;Tolstoy;1;
Чертков, Иван Дмитриевич;Tolstoy;1;
Колхиева, Замира Муратовна;Tolstoy;1;
Пластов, Аркадий Александрович;Tolstoy;1;
Tolstoy;Коттен, Михаил Фридрихович;1;
Срезневский, Всеволод Измаилович;Tolstoy;1;
Tolstoy;Шекспир, Уильям;1;
Tolstoy;Вересаев, Викентий Викентьевич;1;
Толстой, Сергей Львович;Tolstoy;1;
Thomas Hardy;Tolstoy;1;
Шкапская, Мария Михайловна;Tolstoy;1;
Холодная, Вера Васильевна;Tolstoy;1;
Tolstoy;Rainer Maria Rilke;1;
Фрей, Вильям;Tolstoy;1;
Дитерихс, Михаил Константинович;Tolstoy;1;
Каррик, Валерий Вильямович;Tolstoy;1;
Tolstoy;Мережковский, Дмитрий Сергеевич;1;
Ярославский, Емельян Михайлович;Tolstoy;1;
Зуева, Анастасия Платоновна;Tolstoy;1;
Aleksandr Solzhenitsyn;Tolstoy;1;
Кыдыкеева, Бакен;Tolstoy;1;
Tolstoy;Лундквист, Артур;1;
Берс, Александр Александрович;Tolstoy;1;
Mrs. Henry Wood;Tolstoy;1;
Беневский, Аркадий Семёнович;Tolstoy;1;
Оруджев, Заид Меликович;Tolstoy;1;
Долгоруков, Николай Александрович;Tolstoy;1;
Шарапова, Анна Николаевна;Tolstoy;1;
Добролюбов, Николай Александрович;Tolstoy;1;
Мидзогути, Кэндзи;Tolstoy;1;
Моисси, Александр;Tolstoy;1;
Лебедев, Николай Сергеевич;Tolstoy;1;
Дружинин, Александр Васильевич;Tolstoy;1;
Алабина, Инна Ильинична;Tolstoy;1;
Охлопков, Игорь Юрьевич;Tolstoy;1;
Alexey Gribov;Tolstoy;1;
Лурье, Осип Давидович;Tolstoy;1;
Tolstoy;Шацкий, Станислав Теофилович;1;
Смирнов, Валерий Алексеевич;Tolstoy;1;
Каринский, Михаил Иванович;Tolstoy;1;
Симонов, Николай Константинович;Tolstoy;1;
Петровский, Андрей Павлович;Tolstoy;1;
Петерсон, Николай Павлович;Tolstoy;1;
Колошин, Сергей Павлович;Tolstoy;1;
Гинцбург, Илья Яковлевич;Tolstoy;1;
Мамедов, Мехти Асадулла оглы;Tolstoy;1;
Горбунов-Посадов, Иван Иванович;Tolstoy;1;
Нильсон, Кристина;Tolstoy;1;
Доронин, Виталий Дмитриевич;Tolstoy;1;
Агуреева, Полина Владимировна;Tolstoy;1;
Борисов, Иван Фёдорович;Tolstoy;1;
Левицкий, Сергей Львович;Tolstoy;1;
Хмелёв, Николай Павлович;Tolstoy;1;
Ушаков, Сергей Петрович;Tolstoy;1;
Bruno Frejndlikh;Tolstoy;1;
Погадаев, Виктор Александрович;Tolstoy;1;
Поляков, Леон;Tolstoy;1;
Кузьмин, Николай Васильевич (художник);Tolstoy;1;
Фурманов, Рудольф Давыдович;Tolstoy;1;
Малахиева-Мирович, Варвара Григорьевна;Tolstoy;1;
Сирота, Роза Абрамовна;Tolstoy;1;
Tolstoy;Nikolai Gogol;1;
Лодыженский, Митрофан Васильевич;Tolstoy;1;
Заславский, Давид Иосифович;Tolstoy;1;
Попов, Евгений Иванович (толстовец);Tolstoy;1;
Félix Vallotton;Tolstoy;1;
Tolstoy;Хемингуэй, Эрнест;1;
Ковальчук, Анна Леонидовна;Tolstoy;1;
Tolstoy;Дудко, Михаил Дмитриевич;1;
Вагаршян, Вагарш Богданович;Tolstoy;1;
Tolstoy;Катков, Михаил Никифорович;1;
Ахшарумов, Николай Дмитриевич;Tolstoy;1;
Карамзин, Николай Михайлович;Tolstoy;1;
Атажукин, Кази Мусабиевич;Tolstoy;1;
Конкка, Юхани;Tolstoy;1;
Маковицкий, Душан Петрович;Tolstoy;1;
Tolstoy;Сухотина-Альбертини, Татьяна Михайловна;1;
Tolstoy;Bernard Shaw;1;
Лигерс, Робертс;Tolstoy;1;
Баратынский, Лев Андреевич;Tolstoy;1;
Давидович, Аркадий Филиппович;Tolstoy;1;
Якунин, Сергей Александрович;Tolstoy;1;
Торо, Генри Дэвид;Tolstoy;1;
Tolstoy;Флоровский, Георгий Васильевич;1;
Хонина, Наина Владимировна;Tolstoy;1;
Левит, Иезикиил;Tolstoy;1;
Лёвенфельд, Рафаэль;Tolstoy;1;
Спивак, Ицхак;Tolstoy;1;
Бог правду видит, да не скоро скажет;Tolstoy;1;
Артмане, Вия Фрицевна;Tolstoy;1;
Кавалерович, Ежи;Tolstoy;1;
Пастрана, Юлия;Tolstoy;1;
Толстой, Фёдор Иванович;Tolstoy;1;
Агапьева, Наталия Николаевна;Tolstoy;1;
Шмаков, Фёдор Иванович;Tolstoy;1;
Макэвой, Джеймс;Tolstoy;1;
Дильбази, Мирварид Паша кызы;Tolstoy;1;
Иванченко, Александр Львович;Tolstoy;1;
Tolstoy;Ленин, Владимир Ильич;1;
Татаринов, Фёдор Васильевич;Tolstoy;1;
Голубович, Василий Васильевич;Tolstoy;1;
Вейсс, Франциск Родольф;Tolstoy;1;
Грушецкий, Вячеслав Петрович;Tolstoy;1;
Кругозор (журнал, СССР);Tolstoy;1;
Игнатьев, Никон Васильевич;Tolstoy;1;
Менгден, Михаил Александрович;Tolstoy;1;
Мельников, Валентин Викторович;Tolstoy;1;
Ахшарумов, Владимир Дмитриевич;Tolstoy;1;
Tolstoy;Nikolai Leskov;1;
Нурми, Пааво;Tolstoy;1;
Крейцумс, Рудольф;Tolstoy;1;
Tolstoy;Грушецкий, Василий Владимирович;1;
Олсуфьев, Дмитрий Адамович (1862);Tolstoy;1;
Фернандес, Доминик;Tolstoy;1;
Tolstoy;Хоуэллс, Уильям Дин;1;
Шаховской, Дмитрий Иванович;Tolstoy;1;
Лисенко, Наталья Андриановна;Tolstoy;1;
Приёмыхов, Валерий Михайлович;Tolstoy;1;
Мещерская, Екатерина Николаевна;Tolstoy;1;
Лебзак, Ольга Яковлевна;Tolstoy;1;
Тронин, Василий Аркадьевич;Tolstoy;1;
Храпченко, Михаил Борисович;Tolstoy;1;
Руссель, Альбер;Tolstoy;1;
Езепов, Вячеслав Иванович;Tolstoy;1;
Tolstoy;Pierre-Joseph Proudhon;1;
Лозицкая, Людмила Алексеевна;Tolstoy;1;
Оболенский, Дмитрий Дмитриевич (1844);Tolstoy;1;
Биншток, Владимир Львович;Tolstoy;1;
Литвинова, Айви Вальтеровна;Tolstoy;1;
Кольцов, Юрий Эрнестович;Tolstoy;1;
Шекспир, Уильям;Tolstoy;1;
Tolstoy;Васькин, Александр Анатольевич;1;
Бикбулатова, Зайтуна Исламовна;Tolstoy;1;
Кадлубовский, Арсений Петрович;Tolstoy;1;
Загвоздкина, Иустина Ивановна;Tolstoy;1;
Ге, Николай Николаевич;Tolstoy;1;
Малов, Аркадий Васильевич;Tolstoy;1;
Снежина, Татьяна Валерьевна;Tolstoy;1;
Tolstoy;Jean-Jacques Rousseau;1;
Tolstoy;Столыпин, Пётр Аркадьевич;1;
Гликман, Исаак Давыдович;Tolstoy;1;
Прокофьев, Сергей Сергеевич;Tolstoy;1;
Станюта, Александр Александрович;Tolstoy;1;
Апраксин, Владимир Степанович;Tolstoy;1;
Энгельгардт, Михаил Александрович;Tolstoy;1;
Гольденвейзер, Лев Владимирович;Tolstoy;1;
Дахненко, Василий Владимирович;Tolstoy;1;
Зверев, Николай Андреевич;Tolstoy;1;
Heinrich Zschokke;Tolstoy;1;
Вестдейк, Симон;Tolstoy;1;
Фишер, Карл Андреевич;Tolstoy;2;
Катков, Михаил Никифорович;Tolstoy;1;
Костецкий, Владимир Николаевич;Tolstoy;1;
Наджми, Кави Гибятович;Tolstoy;1;
Жжёнов, Георгий Степанович;Tolstoy;1;
Андрусяк, Иван Михайлович;Tolstoy;1;
Рытхэу, Юрий Сергеевич;Tolstoy;1;
Незнамова, Нина Фатеевна;Tolstoy;1;
Андреевская, Варвара Павловна;Tolstoy;1;
Boris Shcherbakov;Tolstoy;1;
Гусев, Николай Николаевич;Tolstoy;1;
Назаренко, Дмитрий Илларионович;Tolstoy;1;
Есенин, Сергей Александрович;Tolstoy;1;
Tolstoy;Frank Norris;1;
Ухтомский, Эспер Эсперович;Tolstoy;1;
Могилевская, Софья Абрамовна;Tolstoy;1;
Константинов, Константин Иванович;Tolstoy;1;
Усов, Сергей Алексеевич;Tolstoy;1;
Параконьев, Константин Иосифович;Tolstoy;1;
Stefan Zweig;Tolstoy;1;
Елеонский, Николай Александрович;Tolstoy;1;
Шишков, Матвей Андреевич;Tolstoy;1;
Хамидов, Абдул-Хамид Хамидович;Tolstoy;1;
Уварова, Прасковья Сергеевна;Tolstoy;1;
Аш, Шолом;Tolstoy;1;
Горчакова, Елена Сергеевна;Tolstoy;1;
Краско, Иван Иванович;Tolstoy;1;
Хирьяков, Александр Модестович;Tolstoy;1;
Зариньш, Маргер Оттович;Tolstoy;1;
Кинг, Мартин Лютер;Tolstoy;1;
Tolstoy;Якимах, Алексей Абрамович;1;
Игнатов, Илья Николаевич;Tolstoy;1;
Tolstoy;Ludwig van Beethoven;1;
Мартьянов, Михаил Александрович;Tolstoy;1;
Свободин, Павел Матвеевич;Tolstoy;1;
Чеханков, Фёдор Яковлевич;Tolstoy;1;
Юрьев, Сергей Андреевич;Tolstoy;1;
Tolstoy;Ivan Aleksandrovich Goncharov;1;
Ностиц, Григорий Иванович (1862);Tolstoy;1;
Климова, Александра Ивановна;Tolstoy;1;
Степанова, Ангелина Иосифовна;Tolstoy;1;
Зеркалова, Дарья Васильевна;Tolstoy;1;
Тамен, Педру;Tolstoy;1;
Волков, Николай Дмитриевич;Tolstoy;1;
Сютаев, Василий Кириллович;Tolstoy;1;
Коршунов, Александр Викторович;Tolstoy;1;
Львов, Евгений Владимирович;Tolstoy;1;
Горский, Александр Константинович;Tolstoy;1;
Пассек, Евгений Вячеславович;Tolstoy;1;
Кансинос-Ассенс, Рафаэль;Tolstoy;1;
Лев Толстой (теплоход, проект Q-056);Tolstoy;1;
Янгхазбенд, Фрэнсис;Tolstoy;1;
Истомин, Владимир Константинович;Tolstoy;1;
Помяновский, Ежи;Tolstoy;1;
Яшвиль, Владимир Владимирович;Tolstoy;1;
Князев, Евгений Владимирович;Tolstoy;1;
Кундзич, Алексей Леонардович;Tolstoy;1;
Вахтёров, Александр Константинович;Tolstoy;1;
Кирша, Фаустас;Tolstoy;1;
Завадовская, Вера Николаевна;Tolstoy;1;
Арапова, Александра Петровна;Tolstoy;1;
Репин, Илья Ефимович;Tolstoy;1;
Эверса, Даце;Tolstoy;1;
Аксаков, Сергей Тимофеевич;Tolstoy;1;
Tolstoy;Georgii Valentinovich Plekhanov;1;
Дуров, Лев Константинович;Tolstoy;1;
Воронович, Александра Петровна;Tolstoy;1;
Данилевский, Григорий Петрович;Tolstoy;1;
Ralph Waldo Emerson;Tolstoy;1;
Ясинский, Иероним Иеронимович;Tolstoy;1;
Нарышкин, Константин Павлович;Tolstoy;1;
Абрахам, Джеральд;Tolstoy;1;
Гуревич, Моисей Вульфович;Tolstoy;1;
Пархоменко, Иван Кириллович;Tolstoy;2;
Лазарев, Александр Сергеевич;Tolstoy;1;
Кутепов, Александр Яковлевич;Tolstoy;1;
Rainer Maria Rilke;Tolstoy;1;
Paul Hervieu;Tolstoy;1;
Гунченко, Антонина Васильевна;Tolstoy;1;
Yuri Chernov;Tolstoy;1;
Крамов, Александр Григорьевич;Tolstoy;1;
Киров, Сергей Миронович;Tolstoy;1;
Иванова, Ольга Владимировна;Tolstoy;1;
Софронов, Анемподист Иванович;Tolstoy;1;
Обухова, Варвара Александровна;Tolstoy;1;
Эрдели, Иван Георгиевич;Tolstoy;1;
Евстигнеев, Евгений Александрович;Tolstoy;1;
Марсден, Кэт;Tolstoy;1;
Климов, Михаил Михайлович;Tolstoy;1;
Tolstoy;Robert Schumann;1;
Голицына, Варвара Васильевна;Tolstoy;2;
Воронцов, Семён Михайлович;Tolstoy;1;
Михайловский, Николай Константинович;Tolstoy;1;
Казембек, Александр Касимович;Tolstoy;1;
Mikhail Yefremov;Tolstoy;1;
Байковский, Ефим Ицкович;Tolstoy;1;
Род, Эдуар;Tolstoy;1;
Толстой, Лёв Николаевич;Tolstoy;1;
Мординов, Николай Егорович;Tolstoy;1;
Бинкис, Казис;Tolstoy;1;
Бойд, Брайан;Tolstoy;1;
Шмаринов, Дементий Алексеевич;Tolstoy;1;
Кузминская, Татьяна Андреевна;Tolstoy;1;
Филипп, Шарль-Луи;Tolstoy;1;
Штефаник, Милан Растислав;Tolstoy;1;
Ильинский, Игорь Александрович;Tolstoy;1;
Книжник-Ветров, Иван Сергеевич;Tolstoy;1;
Tolstoy;John Galsworthy;1;
Стахович, Софья Александровна;Tolstoy;1;
Давыдов, Олег Викторович;Tolstoy;1;
Tolstoy;Benjamin Franklin;1;
Окутюрье, Мишель;Tolstoy;1;
Tolstoy;Толстая, Александра Львовна;1;
Тарханов, Михаил Михайлович;Tolstoy;1;
Вронский, Василий Михайлович;Tolstoy;1;
Зом, Рудольф;Tolstoy;1;
Меркуров, Сергей Дмитриевич;Tolstoy;1;
Апинис, Артур Петрович;Tolstoy;1;
Рюмин, Николай Гаврилович;Tolstoy;1;
Питоль, Серхио;Tolstoy;1;
Янко, Михаил Леонидович;Tolstoy;1;
Кравченко, Виталий Васильевич;Tolstoy;1;
Анзимиров, Владимир Александрович;Tolstoy;1;
Ермилов, Владимир Владимирович;Tolstoy;1;
Ланжерон, Александр Фёдорович;Tolstoy;1;
Морозов, Николай Александрович (революционер);Tolstoy;1;
Роланд Холст, Генриетта;Tolstoy;1;
Экземплярский, Василий Ильич;Tolstoy;1;
Рачинский, Сергей Александрович;Tolstoy;1;
Юхананов, Борис Юрьевич;Tolstoy;1;
Воронцов, Михаил Семёнович;Tolstoy;1;
Вагнер, Николай Петрович;Tolstoy;1;
Брам, Отто;Tolstoy;1;
Тургенев, Александр Михайлович;Tolstoy;1;
Лурье, Яков Соломонович;Tolstoy;1;
